{"cameraMode":{"drawMode":0,"name":"Shaded","section":"Shading Mode"},"sceneLighting":false,"audioPlay":false,"sceneViewState":{"showFog":true,"showMaterialUpdate":false,"showSkybox":true,"showFlares":true,"showImageEffects":true,"showParticleSystems":true},"in2DMode":false,"pivot":{"x":0.13477802276611329,"y":-1.131551742553711,"z":1.2529146671295167},"rotation":{"x":0.20141829550266267,"y":0.7756666541099548,"z":-0.30291569232940676,"w":0.5157654881477356},"size":9.43226146697998,"orthographic":false}